side,source_file,class,method,descriptor,start_line,end_line,source_cc,jacoco_cc,covered_instructions,total_instructions,exception_handler_count,exception_handler_types,synthetic,bridge,synchronized,has_code,match_status,match_candidates,source_default_case_count,source_catch_clause_count,switch_instruction_count,typed_handler_target_count,catch_all_handler_target_count,source_aligned_bytecode_cc,source_aligned_status
"source","FixtureMatrix.java","experiment.fixtures.FixtureMatrix","straightLine","","9","11","1","","","","","","","","","unique-match","experiment.fixtures.FixtureMatrix#straightLine()I","0","0","0","0","0","1","exact"
"source","FixtureMatrix.java","experiment.fixtures.FixtureMatrix","ifElse","","13","18","2","","","","","","","","","unique-match","experiment.fixtures.FixtureMatrix#ifElse(Z)I","0","0","0","0","0","2","exact"
"source","FixtureMatrix.java","experiment.fixtures.FixtureMatrix","loop","","20","29","3","","","","","","","","","unique-match","experiment.fixtures.FixtureMatrix#loop(I)I","0","0","0","0","0","3","exact"
"source","FixtureMatrix.java","experiment.fixtures.FixtureMatrix","shortCircuit","","31","33","4","","","","","","","","","unique-match","experiment.fixtures.FixtureMatrix#shortCircuit(ZZ)I","0","0","0","0","0","4","exact"
"source","FixtureMatrix.java","experiment.fixtures.FixtureMatrix","switchCases","","35","42","5","","","","","","","","","unique-match","experiment.fixtures.FixtureMatrix#switchCases(I)I","1","0","1","0","0","5","exact"
"source","FixtureMatrix.java","experiment.fixtures.FixtureMatrix","switchWithoutDefault","","44","52","3","","","","","","","","","unique-match","experiment.fixtures.FixtureMatrix#switchWithoutDefault(I)I","0","0","1","0","0","3","exact"
"source","FixtureMatrix.java","experiment.fixtures.FixtureMatrix","plainTryCatch","","54","63","3","","","","","","","","","unique-match","experiment.fixtures.FixtureMatrix#plainTryCatch(Z)I","0","1","0","1","0","3","exact"
"source","FixtureMatrix.java","experiment.fixtures.FixtureMatrix","multiCatch","","65","77","4","","","","","","","","","unique-match","experiment.fixtures.FixtureMatrix#multiCatch(I)I","0","1","0","1","0","4","exact"
"source","FixtureMatrix.java","experiment.fixtures.FixtureMatrix","multipleCatchClauses","","79","93","5","","","","","","","","","unique-match","experiment.fixtures.FixtureMatrix#multipleCatchClauses(I)I","0","2","0","2","0","5","exact"
"source","FixtureMatrix.java","experiment.fixtures.FixtureMatrix","nestedCatch","","95","108","4","","","","","","","","","unique-match","experiment.fixtures.FixtureMatrix#nestedCatch(Z)I","0","2","0","2","0","4","exact"
"source","FixtureMatrix.java","experiment.fixtures.FixtureMatrix","tryFinally","","110","121","2","","","","","","","","","unique-match","experiment.fixtures.FixtureMatrix#tryFinally(Z)I","0","0","0","0","1","2","exact"
"source","FixtureMatrix.java","experiment.fixtures.FixtureMatrix","tryWithResources","","123","129","2","","","","","","","","","unique-match","experiment.fixtures.FixtureMatrix#tryWithResources()I","0","1","0","3","0","2","exact"
"source","FixtureMatrix.java","experiment.fixtures.FixtureMatrix","synchronizedBlock","","131","135","1","","","","","","","","","unique-match","experiment.fixtures.FixtureMatrix#synchronizedBlock(Ljava/lang/Object;)I","0","0","0","0","1","1","exact"
"source","FixtureMatrix.java","experiment.fixtures.FixtureMatrix","synchronizedMethod","","137","139","1","","","","","","","","","unique-match","experiment.fixtures.FixtureMatrix#synchronizedMethod()I","0","0","0","0","0","1","exact"
"source","FixtureMatrix.java","experiment.fixtures.FixtureMatrix","overloaded","","141","143","1","","","","","","","","","unique-match","experiment.fixtures.FixtureMatrix#overloaded()I","0","0","0","0","0","1","exact"
"source","FixtureMatrix.java","experiment.fixtures.FixtureMatrix","overloaded","","145","147","1","","","","","","","","","unique-match","experiment.fixtures.FixtureMatrix#overloaded(I)I","0","0","0","0","0","1","exact"
"source","FixtureMatrix.java","experiment.fixtures.FixtureMatrix","lambdaMethod","","149","151","1","","","","","","","","","unique-match","experiment.fixtures.FixtureMatrix#lambdaMethod()Ljava/util/function/IntSupplier;","0","0","0","0","0","1","exact"
"source","FixtureMatrix.java","experiment.fixtures.FixtureMatrix$Nested","nestedMethod","","154","159","2","","","","","","","","","unique-match","experiment.fixtures.FixtureMatrix$Nested#nestedMethod(Z)I","0","0","0","0","0","2","exact"
"source","FixtureMatrix.java","experiment.fixtures.FixtureMatrix$GenericBase","transform","","163","165","1","","","","","","","","","unique-match","experiment.fixtures.FixtureMatrix$GenericBase#transform(Ljava/lang/Object;)Ljava/lang/Object;","0","0","0","0","0","1","exact"
"source","FixtureMatrix.java","experiment.fixtures.FixtureMatrix$StringTransformer","transform","","169","172","1","","","","","","","","","unique-match","experiment.fixtures.FixtureMatrix$StringTransformer#transform(Ljava/lang/String;)Ljava/lang/String;","0","0","0","0","0","1","exact"
"source","FixtureMatrix.java","experiment.fixtures.FixtureMatrix","main","","175","205","1","","","","","","","","","unique-match","experiment.fixtures.FixtureMatrix#main([Ljava/lang/String;)V","0","0","0","0","0","1","exact"
"bytecode","FixtureMatrix.java","experiment.fixtures.FixtureMatrix","<init>","()V","8","8","","1","0","3","0","","false","false","false","true","bytecode-only","","","","0","0","0","","unmapped"
"bytecode","FixtureMatrix.java","experiment.fixtures.FixtureMatrix","ifElse","(Z)I","14","17","2","2","6","6","0","","false","false","false","true","unique-match","FixtureMatrix.java#ifElse@13-18","0","0","0","0","0","2","exact"
"bytecode","FixtureMatrix.java","experiment.fixtures.FixtureMatrix","lambda$lambdaMethod$0","()I","150","150","","1","2","2","0","","true","false","false","true","bytecode-only","","","","0","0","0","","unmapped"
"bytecode","FixtureMatrix.java","experiment.fixtures.FixtureMatrix","lambdaMethod","()Ljava/util/function/IntSupplier;","150","150","1","1","2","2","0","","false","false","false","true","unique-match","FixtureMatrix.java#lambdaMethod@149-151","0","0","0","0","0","1","exact"
"bytecode","FixtureMatrix.java","experiment.fixtures.FixtureMatrix","loop","(I)I","21","28","3","3","17","19","0","","false","false","false","true","unique-match","FixtureMatrix.java#loop@20-29","0","0","0","0","0","3","exact"
"bytecode","FixtureMatrix.java","experiment.fixtures.FixtureMatrix","main","([Ljava/lang/String;)V","176","205","1","1","94","94","0","","false","false","false","true","unique-match","FixtureMatrix.java#main@175-205","0","0","0","0","0","1","exact"
"bytecode","FixtureMatrix.java","experiment.fixtures.FixtureMatrix","multiCatch","(I)I","67","75","4","3","21","21","2","java.lang.IllegalArgumentException;java.lang.IllegalStateException","false","false","false","true","unique-match","FixtureMatrix.java#multiCatch@65-77","0","1","0","1","0","4","exact"
"bytecode","FixtureMatrix.java","experiment.fixtures.FixtureMatrix","multipleCatchClauses","(I)I","81","91","5","3","24","24","2","java.lang.IllegalArgumentException;java.lang.IndexOutOfBoundsException","false","false","false","true","unique-match","FixtureMatrix.java#multipleCatchClauses@79-93","0","2","0","2","0","5","exact"
"bytecode","FixtureMatrix.java","experiment.fixtures.FixtureMatrix","nestedCatch","(Z)I","98","107","4","2","14","17","2","java.lang.IllegalArgumentException;java.lang.RuntimeException","false","false","false","true","unique-match","FixtureMatrix.java#nestedCatch@95-108","0","2","0","2","0","4","exact"
"bytecode","FixtureMatrix.java","experiment.fixtures.FixtureMatrix","overloaded","()I","142","142","1","1","2","2","0","","false","false","false","true","unique-match","FixtureMatrix.java#overloaded@141-143","0","0","0","0","0","1","exact"
"bytecode","FixtureMatrix.java","experiment.fixtures.FixtureMatrix","overloaded","(I)I","146","146","1","1","2","2","0","","false","false","false","true","unique-match","FixtureMatrix.java#overloaded@145-147","0","0","0","0","0","1","exact"
"bytecode","FixtureMatrix.java","experiment.fixtures.FixtureMatrix","plainTryCatch","(Z)I","56","61","3","2","12","12","1","java.lang.IllegalStateException","false","false","false","true","unique-match","FixtureMatrix.java#plainTryCatch@54-63","0","1","0","1","0","3","exact"
"bytecode","FixtureMatrix.java","experiment.fixtures.FixtureMatrix","shortCircuit","(ZZ)I","32","32","4","4","9","10","0","","false","false","false","true","unique-match","FixtureMatrix.java#shortCircuit@31-33","0","0","0","0","0","4","exact"
"bytecode","FixtureMatrix.java","experiment.fixtures.FixtureMatrix","straightLine","()I","10","10","1","1","2","2","0","","false","false","false","true","unique-match","FixtureMatrix.java#straightLine@9-11","0","0","0","0","0","1","exact"
"bytecode","FixtureMatrix.java","experiment.fixtures.FixtureMatrix","switchCases","(I)I","36","40","5","4","6","10","0","","false","false","false","true","unique-match","FixtureMatrix.java#switchCases@35-42","1","0","1","0","0","5","exact"
"bytecode","FixtureMatrix.java","experiment.fixtures.FixtureMatrix","switchWithoutDefault","(I)I","45","51","3","3","6","8","0","","false","false","false","true","unique-match","FixtureMatrix.java#switchWithoutDefault@44-52","0","0","1","0","0","3","exact"
"bytecode","FixtureMatrix.java","experiment.fixtures.FixtureMatrix","synchronizedBlock","(Ljava/lang/Object;)I","132","134","1","1","8","8","2","catch-all;catch-all","false","false","false","true","unique-match","FixtureMatrix.java#synchronizedBlock@131-135","0","0","0","0","1","1","exact"
"bytecode","FixtureMatrix.java","experiment.fixtures.FixtureMatrix","synchronizedMethod","()I","138","138","1","1","2","2","0","","false","false","true","true","unique-match","FixtureMatrix.java#synchronizedMethod@137-139","0","0","0","0","0","1","exact"
"bytecode","FixtureMatrix.java","experiment.fixtures.FixtureMatrix","tryFinally","(Z)I","111","120","2","2","9","14","1","catch-all","false","false","false","true","unique-match","FixtureMatrix.java#tryFinally@110-121","0","0","0","0","1","2","exact"
"bytecode","FixtureMatrix.java","experiment.fixtures.FixtureMatrix","tryWithResources","()I","124","127","2","1","10","13","4","java.io.IOException;java.io.IOException;java.lang.Throwable;java.lang.Throwable","false","false","false","true","unique-match","FixtureMatrix.java#tryWithResources@123-129","0","1","0","3","0","2","exact"
"bytecode","FixtureMatrix.java","experiment.fixtures.FixtureMatrix$GenericBase","<init>","()V","162","162","","1","3","3","0","","false","false","false","true","bytecode-only","","","","0","0","0","","unmapped"
"bytecode","FixtureMatrix.java","experiment.fixtures.FixtureMatrix$GenericBase","transform","(Ljava/lang/Object;)Ljava/lang/Object;","164","164","1","1","0","2","0","","false","false","false","true","unique-match","FixtureMatrix.java#transform@163-165","0","0","0","0","0","1","exact"
"bytecode","FixtureMatrix.java","experiment.fixtures.FixtureMatrix$Nested","<init>","()V","153","153","","1","3","3","0","","false","false","false","true","bytecode-only","","","","0","0","0","","unmapped"
"bytecode","FixtureMatrix.java","experiment.fixtures.FixtureMatrix$Nested","nestedMethod","(Z)I","155","158","2","2","4","6","0","","false","false","false","true","unique-match","FixtureMatrix.java#nestedMethod@154-159","0","0","0","0","0","2","exact"
"bytecode","FixtureMatrix.java","experiment.fixtures.FixtureMatrix$StringTransformer","<init>","()V","168","168","","1","3","3","0","","false","false","false","true","bytecode-only","","","","0","0","0","","unmapped"
"bytecode","FixtureMatrix.java","experiment.fixtures.FixtureMatrix$StringTransformer","transform","(Ljava/lang/Object;)Ljava/lang/Object;","168","168","","","","","0","","true","true","false","true","bytecode-only","","","","0","0","0","","unmapped"
"bytecode","FixtureMatrix.java","experiment.fixtures.FixtureMatrix$StringTransformer","transform","(Ljava/lang/String;)Ljava/lang/String;","171","171","1","1","2","2","0","","false","false","false","true","unique-match","FixtureMatrix.java#transform@169-172","0","0","0","0","0","1","exact"
